﻿pos_x,pos_y,rotation,side,designator,mpn,pack,footprint,value,mount_type
11.2422,68.848,0.0,top,C1,,,C_0603_1608Metric,0.1u,smt
58.6971,58.2364,0.0,top,C115,,,C_1210_3225Metric,100u,smt
58.2521,69.7614,90.0,top,C116,,,C_0603_1608Metric,100n,smt
56.7971,63.0864,90.0,top,C117,,,C_0603_1608Metric,100n,smt
41.4044,72.15,-90.0,top,C131,,,C_0603_1608Metric,10n,smt
62.45,26.3,0.0,top,C16,,,C_0805_2012Metric,10u,smt
58.6,26.2,180.0,top,C17,,,C_0603_1608Metric,100n,smt
16.5374,65.412,180.0,top,C18,,,C_0603_1608Metric,100n,smt
19.2,21.0,180.0,top,C19,,,C_0603_1608Metric,1u,smt
11.225,67.35,0.0,top,C2,,,C_0603_1608Metric,10u,smt
19.2,19.5,180.0,top,C20,,,C_0603_1608Metric,1u,smt
19.2,17.7,180.0,top,C21,,,C_0603_1608Metric,1u,smt
19.2,16.2,180.0,top,C22,,,C_0603_1608Metric,1u,smt
19.2,14.7,180.0,top,C23,,,C_0603_1608Metric,1u,smt
19.2,13.2,180.0,top,C24,,,C_0603_1608Metric,1u,smt
19.0,11.45,180.0,top,C25,,,C_0805_2012Metric,10u,smt
43.4,37.35,0.0,top,C26,,,C_0603_1608Metric,10p,smt
41.55,44.7,0.0,top,C27,,,C_0603_1608Metric,10p,smt
27.6,60.4,90.0,top,C28,,,C_0603_1608Metric,18p,smt
22.65,60.4,90.0,top,C29,,,C_0603_1608Metric,18p,smt
40.3,15.2,-90.0,top,C30,,,C_0603_1608Metric,100n,smt
30.3,60.6,0.0,top,C31,,,C_0603_1608Metric,1n,smt
30.3,59.1,0.0,top,C32,,,C_0603_1608Metric,100n,smt
38.325,29.3,0.0,top,C33,,,C_0603_1608Metric,100n,smt
34.0,30.6,0.0,top,C34,,,C_1210_3225Metric,22u,smt
29.3,27.0,180.0,top,C35,,,C_1210_3225Metric,22u,smt
15.4,40.8,-90.0,top,C36,,,C_1210_3225Metric,22u,smt
22.475,66.7,180.0,top,C56,,,C_0603_1608Metric,100n,smt
33.25,32.975,0.0,top,C65,,,C_0603_1608Metric,100n,smt
38.4,31.4,0.0,top,C78,,,C_0603_1608Metric,100n,smt
34.0,27.4,0.0,top,C93,,,C_1210_3225Metric,22u,smt
59.3971,60.7864,0.0,top,D10, 1N4151WS-E3-08,,D_SOD-323,1N4151WS,smt
44.1188,75.8297,90.0,top,D12, XL-1608PGC-06,,LED_0603_1608Metric,GREEN,smt
24.6,6.4875,90.0,top,D4, XL-1608UBC-04,,LED_0603_1608Metric,BLUE,smt
26.6,6.4875,90.0,top,D5, XL-1608UBC-04,,LED_0603_1608Metric,BLUE,smt
28.6,6.4875,90.0,top,D6,,,LED_0603_1608Metric,BLUE,smt
30.6,6.4875,90.0,top,D7, XL-1608UBC-04,,LED_0603_1608Metric,BLUE,smt
21.55,6.4875,90.0,top,D8, XL-1608PGC-06,,LED_0603_1608Metric,GREEN,smt
46.1,12.7,90.0,top,FB1,,,L_0603_1608Metric,BLM18KG300JH1D,smt
8.08,85.71,90.0,top,J1, ESQ-126-39-G-D,,PinSocket_2x26_P2.54mm_Vertical,Conn_02x26_Odd_Even,tht
8.08,90.79,90.0,top,J2, ESQ-126-39-G-D,,PinSocket_2x26_P2.54mm_Vertical,Conn_02x26_Odd_Even,tht
1.725,45.935,0.0,top,J4,,,PinHeader_1x05_P2.54mm_Vertical,Conn_01x05,tht
60.325,8.1865,0.0,top,J5,,,J-Hirose-DM3BT-DSF-PEJS,DM3BT-DSF-PEJS,tht
2.5932,59.8564,90.0,top,J6, PZ254V-11-02P,,PinHeader_1x02_P2.54mm_Vertical,Conn_01x02,tht
41.0,6.132,180.0,top,J7,,,J-TE-2-1734592-0,2-1734592-0,tht
59.4596,65.0364,0.0,top,Q1, NTR4101PT1G,,SOT-23,NTR4101P,smt
44.1,27.25,0.0,top,Q6,,,SOT-23,MMBT2907,smt
16.6,71.642,180.0,top,R1,,,R_0603_1608Metric,120k,smt
9.2,28.6,0.0,top,R104,,,R_0603_1608Metric,10k,smt
9.2,27.1,0.0,top,R118,,,R_0603_1608Metric,10k,smt
39.8682,10.174,90.0,top,R2,,,R_0603_1608Metric,10,smt
9.2,33.09,0.0,top,R26,,,R_0603_1608Metric,10k,smt
9.2,31.6,0.0,top,R27,,,R_0603_1608Metric,10k,smt
22.475,73.125,180.0,top,R3,,,R_0603_1608Metric,120k,smt
0.725,65.4,180.0,top,R4,,,R_0603_1608Metric,10k,smt
24.6,9.5125,-90.0,top,R42,,,R_0603_1608Metric,10k,smt
26.6,9.5125,-90.0,top,R43,,,R_0603_1608Metric,10k,smt
28.6,9.5125,-90.0,top,R44,,,R_0603_1608Metric,10k,smt
30.6,9.5125,-90.0,top,R45,,,R_0603_1608Metric,10k,smt
25.1,59.0,180.0,top,R46,,,R_0603_1608Metric,NP,smt
40.75,41.0,90.0,top,R47,,,R_0603_1608Metric,1M,smt
50.396,71.325,-90.0,top,R49,,,R_0603_1608Metric,10k,smt
38.325,27.8,0.0,top,R50,,,R_0603_1608Metric,10k,smt
42.9284,72.1622,-90.0,top,R51,,,R_0603_1608Metric,10k,smt
42.3,46.8,180.0,top,R53,,,R_0603_1608Metric,10k,smt
21.55,9.5,-90.0,top,R54,,,R_0603_1608Metric,10k,smt
41.4,27.3,90.0,top,R55,,,R_0603_1608Metric,499,smt
46.2,31.0,-90.0,top,R56,,,R_0603_1608Metric,40.2k,smt
41.3,30.9,90.0,top,R57,,,R_0603_1608Metric,10k,smt
59.3596,67.4864,0.0,top,R66,,,R_0603_1608Metric,10k,smt
59.3471,62.5364,0.0,top,R67,,,R_0603_1608Metric,150,smt
54.0971,63.8364,180.0,top,R68,,,R_0603_1608Metric,4.7k,smt
49.4,26.3,-90.0,top,R69,EXB-A10P103J,,Panasonic_Resistor_Array_EXBA10,10k,tht
18.9,32.3,90.0,top,R70,EXB-A10P103J,,Panasonic_Resistor_Array_EXBA10,10k,tht
26.9,32.3,90.0,top,R71,EXB-A10P103J,,Panasonic_Resistor_Array_EXBA10,10k,tht
7.5748,37.79,180.0,top,R72,EXB-A10P473J,,Panasonic_Resistor_Array_EXBA10,47k,tht
7.5,45.15,0.0,top,R73,EXB-A10P473J,,Panasonic_Resistor_Array_EXBA10,47k,tht
7.51,52.79,0.0,top,R74,EXB-A10P473J,,Panasonic_Resistor_Array_EXBA10,47k,tht
13.5,56.3,180.0,top,R75,,,R_0603_1608Metric,10k,smt
13.5,54.8,0.0,top,R76,,,R_0603_1608Metric,10k,smt
13.5,53.3,0.0,top,R77,,,R_0603_1608Metric,10k,smt
44.2588,79.5797,90.0,top,R78,,,R_0603_1608Metric,10k,smt
54.5471,57.6364,0.0,top,R79,,,R_0603_1608Metric,10k,smt
54.9471,65.3364,180.0,top,R80,,,R_0603_1608Metric,4.7k,smt
9.2,30.1,0.0,top,R90,,,R_0603_1608Metric,10k,smt
48.8388,75.6022,90.0,top,R92,,,R_0603_1608Metric,10k,smt
50.3388,74.7022,90.0,top,R93,,,R_0603_1608Metric,10k,smt
0.9168,66.9684,0.0,top,TP1,,,TestPoint-0.75mm-th,Test-Point,tht
37.5,26.35,90.0,top,TP135,,,TestPoint-0.75mm-th,Test-Point,tht
46.3388,79.2022,0.0,top,TP163,,,TestPoint-0.75mm-th,TestPoint-MinTH,tht
10.5688,63.9204,0.0,top,TP2,,,TestPoint-0.75mm-th,Test-Point,tht
10.518,65.8,0.0,top,TP3,,,TestPoint-0.75mm-th,Test-Point,tht
0.9168,68.4416,0.0,top,TP4,,,TestPoint-0.75mm-th,Test-Point,tht
29.5,61.8,180.0,bottom,TP59,,,TestPoint-0.75mm-th,Test-Point,tht
32.4,59.8,180.0,bottom,TP73,,,TestPoint-0.75mm-th,Test-Point,tht
34.5,59.8,180.0,bottom,TP74,,,TestPoint-0.75mm-th,Test-Point,tht
17.7,43.3,180.0,top,TP75,,,TestPoint-0.75mm-th,Test-Point,tht
46.1,16.2,0.0,top,TP78,,,TestPoint-0.75mm-th,Test-Point,tht
17.8,40.7,180.0,top,TP79,,,TestPoint-0.75mm-th,Test-Point,tht
15.4,43.9,0.0,top,TP80,,,TestPoint-0.75mm-th,Test-Point,tht
16.2584,24.5504,0.0,top,TP81,,,TestPoint-0.75mm-th,Test-Point,tht
41.45,49.9,180.0,top,TP82,,,TestPoint-0.75mm-th,Test-Point,tht
44.2,24.75,0.0,top,TP83,,,TestPoint-0.75mm-th,Test-Point,tht
39.8,26.0,0.0,top,TP84,,,TestPoint-0.75mm-th,Test-Point,tht
40.6,48.4,180.0,top,TP85,,,TestPoint-0.75mm-th,Test-Point,tht
28.9,47.3,-90.0,top,U1,OSD3358-512M-ISM,,U-Octavo-OSD335X-BGA-256,OSD3358-512M-ISM,tht
38.4,33.6,180.0,top,U10,,,SOT-353_SC-70-5,SN74AUC1G07DCKR,smt
42.9,14.5,180.0,top,U11,,,SOT-363_SC-70-6,RCLAMP0504FB,smt
46.6388,75.9647,90.0,top,U12,,,SOT-363_SC-70-6,RCLAMP0504FB,smt
43.7625,30.91875,-90.0,top,U14,TLVH431BMDBZREP,,SOT-23,TLVH431,smt
6.073,66.4702,0.0,top,U2,,DFN-8 Everspin,SON127P500X600X90-9N,MR20H40CDF,smt
54.7221,60.6864,-90.0,top,U24,,,RV3028C732768KHZ1PPMTAQC,RV-3028-C7,tht
54.7521,69.8614,-90.0,top,U30,FM24CL64B-GTR,,SOIC-8_3.9x4.9mm_P1.27mm,FM24CL64B-DGTR,smt
46.6388,72.2022,0.0,top,U37,LTC4300A-1CMS8#PBF,,LINEAR-MSOP-8-AND-MAXIM-UMAX-8-21-0036,LTC4300A-1,tht
22.495,69.895,90.0,top,U39, TCAN330GDCNR,,SOT-23-8,TCAN330,smt
16.6124,68.412,90.0,top,U8,,,SOT-23-8,TCAN330,smt
27.4,18.3,0.0,top,U9, IS21ES08GA-JCLI-TR,,BGA-153(11.5X13)(EMMC-BA),EMMC+RESET+5.1-COMPATIBLE-BA,tht
43.4,41.0,90.0,top,Y1,,,CRYSTAL-5X3.2-4SMD,ECS-240-12-30BQ-AEN-TR,tht
25.1,60.9,0.0,top,Y2,,,CRYSTAL_3.2X1.5,ABS07-32.768KHZ-T,tht
