﻿Designator,Quantity,Value,Footprint,Package,MPN,DNP,Mount_Type,Description,Distributor,DigiKey_Part_Number,SnapEDA_Link,MAXIMUM_PACKAGE_HEIGHT,Check_prices,STANDARD,PARTREV,MF,MP,Description_1,MANUFACTURER
C1,1,0.1u,C_0603_1608Metric,,,,smt,"Unpolarized capacitor, small symbol",,,,,,,,,,,
C115,1,100u,C_1210_3225Metric,,,,smt,,,,,,,,,,,,
"C116, C117, C17, C18, C30, C32, C33, C56, C65, C78",10,100n,C_0603_1608Metric,,,,smt,,,,,,,,,,,,
C131,1,10n,C_0603_1608Metric,,,,smt,,,,,,,,,,,,
"C16, C25",2,10u,C_0805_2012Metric,,,,smt,,,,,,,,,,,,
"C19, C20, C21, C22, C23, C24",6,1u,C_0603_1608Metric,,,,smt,,,,,,,,,,,,
C2,1,10u,C_0603_1608Metric,,,,smt,"Unpolarized capacitor, small symbol",,,,,,,,,,,
"C26, C27",2,10p,C_0603_1608Metric,,,,smt,,,,,,,,,,,,
"C28, C29",2,18p,C_0603_1608Metric,,,,smt,,,,,,,,,,,,
C31,1,1n,C_0603_1608Metric,,,,smt,,,,,,,,,,,,
"C34, C35, C36, C93",4,22u,C_1210_3225Metric,,,,smt,,,,,,,,,,,,
D10,1,1N4151WS,D_SOD-323,, 1N4151WS-E3-08,,smt,,,,,,,,,,,,
"D12, D8",2,GREEN,LED_0603_1608Metric,, XL-1608PGC-06,,smt,,,,,,,,,,,,
"D4, D5, D7",3,BLUE,LED_0603_1608Metric,, XL-1608UBC-04,,smt,,,,,,,,,,,,
D6,1,BLUE,LED_0603_1608Metric,,,,smt,,,,,,,,,,,,
FB1,1,BLM18KG300JH1D,L_0603_1608Metric,,,,smt,,,,,,,,,,,,
"H1, H2, H3, H4",4,MountingHole_Pad,MountingHole_3.2mm_M3_ISO7380_Pad,,,,tht,,,,,,,,,,,,
"J1, J2",2,Conn_02x26_Odd_Even,PinSocket_2x26_P2.54mm_Vertical,, ESQ-126-39-G-D,,tht,,,,,,,,,,,,
J3,1,Conn_01x03,PinHeader_1x03_P2.54mm_Vertical,,,,tht,"Generic connector, single row, 01x03, script generated (kicad-library-utils/schlib/autogen/connector/)",,,,,,,,,,,
J5,1,DM3BT-DSF-PEJS,J-Hirose-DM3BT-DSF-PEJS,,,,tht,,,,,,,,,,,,
J6,1,Conn_01x02,PinHeader_1x02_P2.54mm_Vertical,, PZ254V-11-02P,,tht,,,,,,,,,,,,
J7,1,2-1734592-0,J-TE-2-1734592-0,,,,tht,,,,,,,,,,,,
Q1,1,NTR4101P,SOT-23,, NTR4101PT1G,,smt,,,,,,,,,,,,
Q6,1,MMBT2907,SOT-23,,,,smt,,,,,,,,,,,,
"R1, R3",2,120k,R_0603_1608Metric,,,,smt,,,,,,,,,,,,
"R104, R118, R26, R27, R4, R42, R43, R44, R45, R49, R50, R51, R53, R54, R57, R66, R75, R76, R77, R78, R79, R90, R92, R93",24,10k,R_0603_1608Metric,,,,smt,,,,,,,,,,,,
R2,1,10,R_0603_1608Metric,,,,smt,,,,,,,,,,,,
R46,1,NP,R_0603_1608Metric,,,Yes,smt,,,,,,,,,,,,
R47,1,1M,R_0603_1608Metric,,,,smt,,,,,,,,,,,,
R55,1,499,R_0603_1608Metric,,,,smt,,,,,,,,,,,,
R56,1,40.2k,R_0603_1608Metric,,,,smt,,,,,,,,,,,,
R67,1,150,R_0603_1608Metric,,,,smt,,,,,,,,,,,,
"R68, R80",2,4.7k,R_0603_1608Metric,,,,smt,,,,,,,,,,,,
"R69, R70, R71",3,10k,Panasonic_Resistor_Array_EXBA10,,EXB-A10P103J,,tht,,,,,,,,,,,,
"R72, R73, R74",3,47k,Panasonic_Resistor_Array_EXBA10,,EXB-A10P473J,,tht,,,,,,,,,,,,
"TP100, TP104, TP113, TP114, TP115, TP116, TP117, TP118, TP119, TP120, TP121, TP123, TP125, TP127, TP128, TP129, TP130, TP131, TP132, TP133, TP134, TP136, TP137, TP138, TP139, TP141, TP148, TP149, TP160, TP164, TP165, TP168, TP169, TP19, TP20, TP21, TP22, TP23, TP24, TP26, TP27, TP32, TP36, TP37, TP38, TP39, TP40, TP41, TP42, TP43, TP44, TP46, TP47, TP48, TP49, TP64, TP65, TP66, TP67, TP68, TP69, TP70, TP71, TP72, TP76, TP77, TP90, TP91, TP92, TP93, TP94, TP95, TP96, TP97, TP98, TP99",76,Test-Point,TestPoint_Pad_D1.0mm,,,,tht,,,,,,,,,,,,
"TP135, TP59, TP73, TP74, TP75, TP78, TP79, TP80, TP81, TP82, TP83, TP84, TP85",13,Test-Point,TestPoint-0.75mm-th,,,,tht,,,,,,,,,,,,
TP140,1,~,TestPoint_Pad_D1.0mm,,,,tht,,,,,,,,,,,,
TP163,1,TestPoint-MinTH,TestPoint-0.75mm-th,,,,tht,,,,,,,,,,,,
U1,1,OSD3358-512M-BSM,U-Octavo-OSD335X-BGA-256,,OSD3358-512M-BSM,,tht,OSD335x Embedded Module 1GHz 512MB,DigiKey,,,,,,,,,,
U10,1,SN74AUC1G07DCKR,SOT-353_SC-70-5,,,,smt,,,,,,,,,,,,
"U11, U12",2,RCLAMP0504FB,SOT-363_SC-70-6,,,,smt,,,,,,,,,,,,
U14,1,TLVH431,SOT-23,,TLVH431BMDBZREP,,smt,,,,,,,,,,,,
U2,1,MR20H40CDF,SON127P500X600X90-9N,DFN-8 Everspin,,,smt,,,819-1043-ND,https://www.snapeda.com/parts/MR20H40CDF/Everspin/view-part/?ref=snap,0.9mm,https://www.snapeda.com/parts/MR20H40CDF/Everspin/view-part/?ref=eda,IPC-7351B,12.6,Everspin Technologies,MR20H40CDF,"
                        
                            MRAM (Magnetoresistive RAM) Memory IC 4Mb (512K x 8) SPI 50 MHz 8-DFN-EP, Small Flag (5x6)
                        
",Everspin Technologies
U24,1,RV-3028-C7,RV3028C732768KHZ1PPMTAQC,,,,tht,,,,,,,,,,,,
U30,1,FM24CL64B-DGTR,SOIC-8_3.9x4.9mm_P1.27mm,,FM24CL64B-GTR,,smt,,,,,,,,,,,,
U37,1,LTC4300A-1,LINEAR-MSOP-8-AND-MAXIM-UMAX-8-21-0036,,LTC4300A-1CMS8#PBF,,tht,,,,,,,,,,,,
U39,1,TCAN330,SOT-23-8,, TCAN330GDCNR,,smt,,,,,,,,,,,,
U8,1,TCAN330,SOT-23-8,,,,smt,,,,,,,,,,,,
U9,1,EMMC+RESET+5.1-COMPATIBLE-BA,BGA-153(11.5X13)(EMMC-BA),, IS21ES08GA-JCLI-TR,,tht,,,,,,,,,,,,
Y1,1,ECS-240-12-30BQ-AEN-TR,CRYSTAL-5X3.2-4SMD,,,,tht,,,,,,,,,,,,
Y2,1,ABS07-32.768KHZ-T,CRYSTAL_3.2X1.5,,,,tht,,,,,,,,,,,,
