﻿pos_x,pos_y,rotation,side,designator,mpn,pack,value,mount_type,place
70.9375,77.45,180.0,top,C107,,CP_EIA-7343-31_Kemet-D,220u,smt,True
70.9375,67.85,180.0,top,C108,,CP_EIA-7343-31_Kemet-D,220u,smt,True
70.9375,72.65,180.0,top,C109,,CP_EIA-7343-31_Kemet-D,220u,smt,True
70.775,82.6875,90.0,top,C110,,C_0603_1608Metric,10u,smt,True
76.9375,73.3625,0.0,top,C111,,C_0603_1608Metric,10u,smt,True
80.975,70.95,180.0,top,C112,,C_0603_1608Metric,10u,smt,True
80.1125,74.4625,0.0,top,C113,,C_0603_1608Metric,10u,smt,True
80.975,72.45,180.0,top,C114,,C_0603_1608Metric,10u,smt,True
63.7875,70.6,0.0,top,C115,,C_1210_3225Metric,100u,smt,True
63.3425,82.125,90.0,top,C116,,C_0603_1608Metric,100n,smt,True
61.8875,75.45,90.0,top,C117,,C_0603_1608Metric,100n,smt,True
86.635,61.55,180.0,top,C129,,C_0603_1608Metric,1u,smt,True
78.515,61.61,180.0,top,C131,,C_0603_1608Metric,100n,smt,True
71.9,31.25,0.0,top,C16,,C_0805_2012Metric,10u,smt,True
68.05,31.15,180.0,top,C17,,C_0603_1608Metric,100n,smt,True
21.525,68.4,180.0,top,C18,,C_0603_1608Metric,100n,smt,True
28.65,25.95,180.0,top,C19,,C_0603_1608Metric,1u,smt,True
28.65,24.45,180.0,top,C20,,C_0603_1608Metric,1u,smt,True
28.65,22.65,180.0,top,C21,,C_0603_1608Metric,1u,smt,True
28.65,21.15,180.0,top,C22,,C_0603_1608Metric,1u,smt,True
28.65,19.65,180.0,top,C23,,C_0603_1608Metric,1u,smt,True
28.65,18.15,180.0,top,C24,,C_0603_1608Metric,1u,smt,True
28.45,16.4,180.0,top,C25,,C_0805_2012Metric,10u,smt,True
52.85,42.3,0.0,top,C26,,C_0603_1608Metric,10p,smt,True
51.0,49.65,0.0,top,C27,,C_0603_1608Metric,10p,smt,True
37.05,65.35,90.0,top,C28,,C_0603_1608Metric,18p,smt,True
32.1,65.35,90.0,top,C29,,C_0603_1608Metric,18p,smt,True
49.75,20.15,-90.0,top,C30,,C_0603_1608Metric,100n,smt,True
39.75,65.55,0.0,top,C31,,C_0603_1608Metric,1n,smt,True
39.75,64.05,0.0,top,C32,,C_0603_1608Metric,100n,smt,True
47.775,34.25,0.0,top,C33,,C_0603_1608Metric,100n,smt,True
43.45,35.55,0.0,top,C34,,C_1210_3225Metric,22u,smt,True
38.75,31.95,180.0,top,C35,,C_1210_3225Metric,22u,smt,True
24.85,45.75,-90.0,top,C36,,C_1210_3225Metric,22u,smt,True
29.5675,71.995,90.0,top,C56,,C_0603_1608Metric,100n,smt,True
42.7,37.925,0.0,top,C65,,C_0603_1608Metric,100n,smt,True
47.85,36.35,0.0,top,C78,,C_0603_1608Metric,100n,smt,True
86.625,68.75,180.0,top,C79,,C_0603_1608Metric,1u,smt,True
43.45,32.35,0.0,top,C93,,C_1210_3225Metric,22u,smt,True
76.6375,64.95,-90.0,top,D1,,D_SOD-323,1N4151WS,smt,True
64.4875,73.15,0.0,top,D10,,D_SOD-323,1N4151WS,smt,True
82.865,60.17,0.0,top,D12,,LED_0603_1608Metric,GREEN,smt,True
83.45,70.55,-90.0,top,D3,,D_SOD-323,1N4151WS,smt,True
34.05,11.4375,90.0,top,D4,,LED_0603_1608Metric,BLUE,smt,True
36.05,11.4375,90.0,top,D5,,LED_0603_1608Metric,BLUE,smt,True
38.05,11.4375,90.0,top,D6,,LED_0603_1608Metric,BLUE,smt,True
40.05,11.4375,90.0,top,D7,,LED_0603_1608Metric,BLUE,smt,True
31.0,11.4375,90.0,top,D8,,LED_0603_1608Metric,GREEN,smt,True
67.675,84.1875,-90.0,top,D9,,LED_0603_1608Metric,GREEN,smt,True
55.55,17.65,90.0,top,FB1,,L_0603_1608Metric,BLM18KG300JH1D,smt,True
17.7,98.6,90.0,top,J1,,PinSocket_2x26_P2.54mm_Vertical,Conn_02x26_Odd_Even,tht,True
17.71,92.4,90.0,top,J2,,PinSocket_2x26_P2.54mm_Vertical,Conn_02x26_Odd_Even,tht,True
69.775,13.1365,0.0,top,J5,,J-Hirose-DM3BT-DSF-PEJS,DM3BT-DSF-PEJS,tht,True
14.78,64.67,90.0,top,J6,,PinHeader_1x02_P2.54mm_Vertical,Conn_01x02,tht,True
50.45,11.082,0.0,top,J7,,J-TE-2-1734592-0,2-1734592-0,tht,True
64.55,77.4,0.0,top,Q1,,SOT-23,NTR4101P,smt,True
53.55,32.2,0.0,top,Q6,,SOT-23,MMBT2907,smt,True
18.65,33.55,0.0,top,R104,,R_0603_1608Metric,10k,smt,True
18.65,32.05,0.0,top,R118,,R_0603_1608Metric,10k,smt,True
51.27,7.082,-90.0,top,R2,,R_0603_1608Metric,10,smt,True
18.65,38.04,0.0,top,R26,,R_0603_1608Metric,10k,smt,True
18.65,36.55,0.0,top,R27,,R_0603_1608Metric,10k,smt,True
76.6375,68.85,90.0,top,R31,,R_1206_3216Metric,10 (1206),smt,True
84.5125,82.8625,90.0,top,R32,,R_0603_1608Metric,10k,smt,True
83.7125,85.15,180.0,top,R34,,R_0603_1608Metric,10k,smt,True
80.7125,85.15,180.0,top,R35,,R_0603_1608Metric,10k,smt,True
77.7125,85.15,180.0,top,R36,,R_0603_1608Metric,3.0k,smt,True
76.0125,83.5625,180.0,top,R37,,R_0603_1608Metric,3.0k,smt,True
69.975,84.9875,180.0,top,R38,,R_0603_1608Metric,10k,smt,True
73.0125,83.55,0.0,top,R39,,R_0603_1608Metric,10k,smt,True
69.275,82.675,90.0,top,R40,,R_0603_1608Metric,3.0k,smt,True
76.9375,71.8875,0.0,top,R41,,R_0603_1608Metric,100k,smt,True
34.05,14.4625,-90.0,top,R42,,R_0603_1608Metric,10k,smt,True
36.05,14.4625,-90.0,top,R43,,R_0603_1608Metric,10k,smt,True
38.05,14.4625,-90.0,top,R44,,R_0603_1608Metric,10k,smt,True
40.05,14.4625,-90.0,top,R45,,R_0603_1608Metric,10k,smt,True
34.55,63.95,180.0,top,R46,,R_0603_1608Metric,NP,smt,True
50.2,45.95,90.0,top,R47,,R_0603_1608Metric,1M,smt,True
82.1375,65.85,0.0,top,R49,,R_0603_1608Metric,10k,smt,True
47.775,32.75,0.0,top,R50,,R_0603_1608Metric,10k,smt,True
82.1375,64.35,0.0,top,R51,,R_0603_1608Metric,10k,smt,True
82.865,61.67,180.0,top,R52,,R_0603_1608Metric,23.7k,smt,True
51.75,51.75,180.0,top,R53,,R_0603_1608Metric,10k,smt,True
31.0,14.45,-90.0,top,R54,,R_0603_1608Metric,10k,smt,True
50.85,32.25,90.0,top,R55,,R_0603_1608Metric,499,smt,True
55.65,35.95,-90.0,top,R56,,R_0603_1608Metric,40.2k,smt,True
50.75,35.85,90.0,top,R57,,R_0603_1608Metric,10k,smt,True
77.9375,76.4375,180.0,top,R58,,R_0603_1608Metric,1k,smt,True
80.9375,76.4375,0.0,top,R59,,R_0603_1608Metric,1k,smt,True
84.2125,79.2625,90.0,top,R60,,R_0603_1608Metric,100k,smt,True
85.0375,76.9625,0.0,top,R61,,R_0603_1608Metric,100k,smt,True
80.1375,83.5625,180.0,top,R62,,R_0603_1608Metric,100k,smt,True
80.975,67.95,180.0,top,R63,,R_0603_1608Metric,4.7M,smt,True
80.975,69.45,180.0,top,R64,,R_0603_1608Metric,100k,smt,True
64.45,79.85,0.0,top,R66,,R_0603_1608Metric,10k,smt,True
64.4375,74.9,0.0,top,R67,,R_0603_1608Metric,150,smt,True
59.1875,76.2,180.0,top,R68,,R_0603_1608Metric,4.7k,smt,True
58.85,31.25,-90.0,top,R69,,Panasonic_Resistor_Array_EXBA10,10k,tht,True
28.35,37.25,90.0,top,R70,,Panasonic_Resistor_Array_EXBA10,10k,tht,True
36.35,37.25,90.0,top,R71,,Panasonic_Resistor_Array_EXBA10,10k,tht,True
17.0248,42.74,180.0,top,R72,,Panasonic_Resistor_Array_EXBA10,47k,tht,True
16.95,50.1,0.0,top,R73,,Panasonic_Resistor_Array_EXBA10,47k,tht,True
16.96,57.74,0.0,top,R74,,Panasonic_Resistor_Array_EXBA10,47k,tht,True
22.95,61.25,180.0,top,R75,,R_0603_1608Metric,10k,smt,True
22.95,59.75,0.0,top,R76,,R_0603_1608Metric,10k,smt,True
22.95,58.25,0.0,top,R77,,R_0603_1608Metric,10k,smt,True
86.615,60.03,0.0,top,R78,,R_0603_1608Metric,10k,smt,True
59.6375,70.0,0.0,top,R79,,R_0603_1608Metric,10k,smt,True
60.0375,77.7,180.0,top,R80,,R_0603_1608Metric,4.7k,smt,True
18.65,35.05,0.0,top,R90,,R_0603_1608Metric,10k,smt,True
82.6375,55.45,0.0,top,R92,,R_0603_1608Metric,4.7k,smt,True
81.7375,53.95,0.0,top,R93,,R_0603_1608Metric,4.7k,smt,True
10.246,85.177,0.0,top,TP1,,TestPoint_Pad_D1.0mm,Test-Point,tht,True
14.9,82.85,0.0,top,TP10,,TestPoint_Pad_D1.0mm,Test-Point,tht,True
46.65,47.25,180.0,bottom,TP100,,TestPoint_Pad_D1.0mm,Test-Point,tht,True
25.15,61.25,0.0,top,TP104,,TestPoint_Pad_D1.0mm,Test-Point,tht,True
86.33,72.95,-90.0,top,TP109,,TestPoint-0.75mm-th,TestPoint-MinTH,tht,True
17.227,85.177,0.0,top,TP11,,TestPoint_Pad_D1.0mm,Test-Point,tht,True
44.7,55.4,180.0,bottom,TP113,,TestPoint_Pad_D1.0mm,Test-Point,tht,True
45.95,55.45,180.0,bottom,TP114,,TestPoint_Pad_D1.0mm,Test-Point,tht,True
48.9,56.7,180.0,bottom,TP115,,TestPoint_Pad_D1.0mm,Test-Point,tht,True
44.75,56.75,180.0,bottom,TP116,,TestPoint_Pad_D1.0mm,Test-Point,tht,True
47.25,57.35,180.0,bottom,TP117,,TestPoint_Pad_D1.0mm,Test-Point,tht,True
45.95,57.95,180.0,bottom,TP118,,TestPoint_Pad_D1.0mm,Test-Point,tht,True
44.75,57.95,180.0,bottom,TP119,,TestPoint_Pad_D1.0mm,Test-Point,tht,True
17.227,82.85,0.0,top,TP12,,TestPoint_Pad_D1.0mm,Test-Point,tht,True
46.05,56.75,180.0,bottom,TP120,,TestPoint_Pad_D1.0mm,Test-Point,tht,True
47.25,55.45,180.0,bottom,TP121,,TestPoint_Pad_D1.0mm,Test-Point,tht,True
28.15,55.45,180.0,bottom,TP123,,TestPoint_Pad_D1.0mm,Test-Point,tht,True
29.45,55.45,180.0,bottom,TP125,,TestPoint_Pad_D1.0mm,Test-Point,tht,True
44.05,48.45,180.0,bottom,TP127,,TestPoint_Pad_D1.0mm,Test-Point,tht,True
41.55,42.15,180.0,bottom,TP128,,TestPoint_Pad_D1.0mm,Test-Point,tht,True
39.65,46.55,180.0,bottom,TP129,,TestPoint_Pad_D1.0mm,Test-Point,tht,True
33.25,46.55,180.0,bottom,TP130,,TestPoint_Pad_D1.0mm,Test-Point,tht,True
32.65,48.35,180.0,bottom,TP131,,TestPoint_Pad_D1.0mm,Test-Point,tht,True
32.65,57.35,180.0,bottom,TP132,,TestPoint_Pad_D1.0mm,Test-Point,tht,True
48.15,38.55,180.0,bottom,TP133,,TestPoint_Pad_D1.0mm,Test-Point,tht,True
43.45,57.95,180.0,bottom,TP134,,TestPoint_Pad_D1.0mm,Test-Point,tht,True
46.95,31.3,90.0,top,TP135,,TestPoint-0.75mm-th,Test-Point,tht,True
43.45,56.75,180.0,bottom,TP136,,TestPoint_Pad_D1.0mm,Test-Point,tht,True
45.35,49.75,180.0,bottom,TP137,,TestPoint_Pad_D1.0mm,Test-Point,tht,True
44.05,50.95,180.0,bottom,TP138,,TestPoint_Pad_D1.0mm,Test-Point,tht,True
47.25,51.65,180.0,bottom,TP139,,TestPoint_Pad_D1.0mm,Test-Point,tht,True
76.8375,57.05,-90.0,top,TP140,,TestPoint_Pad_D1.0mm,~,tht,True
59.9375,68.35,0.0,top,TP141,,TestPoint_Pad_D1.0mm,Test-Point,tht,True
61.2875,68.35,-90.0,top,TP148,,TestPoint_Pad_D1.0mm,Test-Point,tht,True
58.5875,68.35,0.0,top,TP149,,TestPoint_Pad_D1.0mm,Test-Point,tht,True
72.2125,80.75,-90.0,top,TP150,,TestPoint-0.75mm-th,TestPoint-MinTH,tht,True
64.8875,82.1,-90.0,top,TP160,,TestPoint_Pad_D1.0mm,Test-Point,tht,True
86.2375,57.95,-90.0,top,TP163,,TestPoint-0.75mm-th,TestPoint-MinTH,tht,True
84.9375,55.45,-90.0,top,TP164,,TestPoint_Pad_D1.0mm,Test-Point,tht,True
83.8375,53.95,-90.0,top,TP165,,TestPoint_Pad_D1.0mm,Test-Point,tht,True
79.3375,64.95,-90.0,top,TP166,,TestPoint_Pad_D1.0mm,Test-Point,tht,True
79.3375,66.35,-90.0,top,TP167,,TestPoint_Pad_D1.0mm,Test-Point,tht,True
57.0375,77.6,-90.0,top,TP168,,TestPoint_Pad_D1.0mm,Test-Point,tht,True
57.0375,76.2,-90.0,top,TP169,,TestPoint_Pad_D1.0mm,Test-Point,tht,True
32.05,55.45,180.0,bottom,TP19,,TestPoint_Pad_D1.0mm,Test-Point,tht,True
10.246,82.85,0.0,top,TP2,,TestPoint_Pad_D1.0mm,Test-Point,tht,True
32.05,54.15,180.0,bottom,TP20,,TestPoint_Pad_D1.0mm,Test-Point,tht,True
43.45,55.45,180.0,bottom,TP21,,TestPoint_Pad_D1.0mm,Test-Point,tht,True
44.65,54.15,180.0,bottom,TP22,,TestPoint_Pad_D1.0mm,Test-Point,tht,True
23.9,72.5,-90.0,top,TP23,,TestPoint_Pad_D1.0mm,Test-Point,tht,True
20.6,74.1,-90.0,top,TP24,,TestPoint_Pad_D1.0mm,Test-Point,tht,True
44.15,66.35,0.0,top,TP26,,TestPoint_Pad_D1.0mm,Test-Point,tht,True
45.85,66.35,0.0,top,TP27,,TestPoint_Pad_D1.0mm,Test-Point,tht,True
12.573,85.177,0.0,top,TP3,,TestPoint_Pad_D1.0mm,Test-Point,tht,True
35.5,71.0,0.0,top,TP32,,TestPoint_Pad_D1.0mm,Test-Point,tht,True
48.27,7.882,90.0,top,TP36,,TestPoint_Pad_D1.0mm,Test-Point,tht,True
49.87,7.882,90.0,top,TP37,,TestPoint_Pad_D1.0mm,Test-Point,tht,True
42.15,44.65,180.0,bottom,TP38,,TestPoint_Pad_D1.0mm,Test-Point,tht,True
43.65,44.95,180.0,bottom,TP39,,TestPoint_Pad_D1.0mm,Test-Point,tht,True
12.573,82.85,0.0,top,TP4,,TestPoint_Pad_D1.0mm,Test-Point,tht,True
53.27,7.882,90.0,top,TP40,,TestPoint_Pad_D1.0mm,Test-Point,tht,True
54.67,7.882,90.0,top,TP41,,TestPoint_Pad_D1.0mm,Test-Point,tht,True
35.85,41.5,180.0,bottom,TP42,,TestPoint_Pad_D1.0mm,Test-Point,tht,True
56.07,7.882,90.0,top,TP43,,TestPoint_Pad_D1.0mm,Test-Point,tht,True
57.67,7.882,90.0,top,TP44,,TestPoint_Pad_D1.0mm,Test-Point,tht,True
37.05,44.65,180.0,bottom,TP46,,TestPoint_Pad_D1.0mm,Test-Point,tht,True
31.95,45.25,180.0,bottom,TP47,,TestPoint_Pad_D1.0mm,Test-Point,tht,True
35.85,44.0,180.0,bottom,TP48,,TestPoint_Pad_D1.0mm,Test-Point,tht,True
34.8175,74.395,0.0,top,TP49,,TestPoint_Pad_D1.0mm,Test-Point,tht,True
14.9,85.177,0.0,top,TP5,,TestPoint_Pad_D1.0mm,Test-Point,tht,True
38.95,66.75,180.0,bottom,TP59,,TestPoint-0.75mm-th,Test-Point,tht,True
67.675,81.8875,-90.0,top,TP6,,TestPoint-0.75mm-th,TestPoint-MinTH,tht,True
79.3375,63.45,-90.0,top,TP61,,TestPoint_Pad_D1.0mm,Test-Point,tht,True
31.95,46.55,0.0,bottom,TP64,,TestPoint_Pad_D1.0mm,Test-Point,tht,True
30.65,46.55,0.0,bottom,TP65,,TestPoint_Pad_D1.0mm,Test-Point,tht,True
29.25,46.05,0.0,bottom,TP66,,TestPoint_Pad_D1.0mm,Test-Point,tht,True
38.45,59.25,180.0,bottom,TP67,,TestPoint_Pad_D1.0mm,Test-Point,tht,True
35.85,42.75,180.0,bottom,TP68,,TestPoint_Pad_D1.0mm,Test-Point,tht,True
35.85,57.95,180.0,bottom,TP69,,TestPoint_Pad_D1.0mm,Test-Point,tht,True
77.1125,74.9625,-90.0,top,TP7,,TestPoint-0.75mm-th,TestPoint-MinTH,tht,True
44.05,47.15,180.0,bottom,TP70,,TestPoint_Pad_D1.0mm,Test-Point,tht,True
44.05,49.7,180.0,bottom,TP71,,TestPoint_Pad_D1.0mm,Test-Point,tht,True
45.35,47.15,180.0,bottom,TP72,,TestPoint_Pad_D1.0mm,Test-Point,tht,True
41.85,64.75,180.0,bottom,TP73,,TestPoint-0.75mm-th,Test-Point,tht,True
43.95,64.75,180.0,bottom,TP74,,TestPoint-0.75mm-th,Test-Point,tht,True
27.15,48.25,180.0,top,TP75,,TestPoint-0.75mm-th,Test-Point,tht,True
35.75,46.55,180.0,bottom,TP76,,TestPoint_Pad_D1.0mm,Test-Point,tht,True
37.05,45.95,180.0,bottom,TP77,,TestPoint_Pad_D1.0mm,Test-Point,tht,True
55.55,21.15,0.0,top,TP78,,TestPoint-0.75mm-th,Test-Point,tht,True
27.25,45.65,180.0,top,TP79,,TestPoint-0.75mm-th,Test-Point,tht,True
83.2125,75.3625,-90.0,top,TP8,,TestPoint-0.75mm-th,TestPoint-MinTH,tht,True
24.85,48.85,0.0,top,TP80,,TestPoint-0.75mm-th,Test-Point,tht,True
24.95,62.85,0.0,top,TP81,,TestPoint-0.75mm-th,Test-Point,tht,True
50.9,54.85,180.0,top,TP82,,TestPoint-0.75mm-th,Test-Point,tht,True
53.65,29.7,0.0,top,TP83,,TestPoint-0.75mm-th,Test-Point,tht,True
49.25,30.95,0.0,top,TP84,,TestPoint-0.75mm-th,Test-Point,tht,True
50.05,53.35,180.0,top,TP85,,TestPoint-0.75mm-th,Test-Point,tht,True
82.4375,83.5625,-90.0,top,TP9,,TestPoint-0.75mm-th,TestPoint-MinTH,tht,True
45.95,54.15,180.0,bottom,TP90,,TestPoint_Pad_D1.0mm,Test-Point,tht,True
28.15,59.25,180.0,bottom,TP91,,TestPoint_Pad_D1.0mm,Test-Point,tht,True
29.45,59.25,180.0,bottom,TP92,,TestPoint_Pad_D1.0mm,Test-Point,tht,True
28.15,57.95,180.0,bottom,TP93,,TestPoint_Pad_D1.0mm,Test-Point,tht,True
29.45,57.95,180.0,bottom,TP94,,TestPoint_Pad_D1.0mm,Test-Point,tht,True
25.05,58.25,0.0,top,TP95,,TestPoint_Pad_D1.0mm,Test-Point,tht,True
25.05,59.75,0.0,top,TP96,,TestPoint_Pad_D1.0mm,Test-Point,tht,True
45.35,48.45,180.0,bottom,TP97,,TestPoint_Pad_D1.0mm,Test-Point,tht,True
46.65,48.45,180.0,bottom,TP98,,TestPoint_Pad_D1.0mm,Test-Point,tht,True
47.85,48.45,180.0,bottom,TP99,,TestPoint_Pad_D1.0mm,Test-Point,tht,True
38.35,52.25,-90.0,top,U1,OSD3358-512M-BSM,U-Octavo-OSD335X-BGA-256,OSD3358-512M-BSM,tht,True
47.85,38.55,180.0,top,U10,,SOT-353_SC-70-5,SN74AUC1G07DCKR,smt,True
52.35,19.45,180.0,top,U11,,SOT-363_SC-70-6,RCLAMP0504FB,smt,True
83.0,57.65,0.0,top,U12,,SOT-363_SC-70-6,RCLAMP0504FB,smt,True
86.72,65.1098,-90.0,top,U13,,LINEAR-MSOP-8-AND-MAXIM-UMAX-8-21-0036,MAX892LEUA+T,tht,True
53.2125,35.86875,-90.0,top,U14,,SOT-23,TLVH431,smt,True
59.8125,73.05,-90.0,top,U24,,RV3028C732768KHZ1PPMTAQC,RV-3028-C7,tht,True
79.6125,79.9375,0.0,top,U28,,TSSOP-14_4.4x5mm_P0.65mm,TLV1704-SEP,smt,True
59.8425,82.225,-90.0,top,U30,,SOIC-8_3.9x4.9mm_P1.27mm,FM24CL64B-DGTR,smt,True
79.2375,57.65,-90.0,top,U37,,LINEAR-MSOP-8-AND-MAXIM-UMAX-8-21-0036,LTC4300A-1,tht,True
32.7625,71.975,0.0,top,U39,,SOT-23-8,TCAN330,smt,True
21.6,71.4,90.0,top,U8,,SOT-23-8,TCAN330,smt,True
36.85,23.25,0.0,top,U9,,BGA-153(11.5X13)(EMMC-BA),EMMC+RESET+5.1-COMPATIBLE-BA,tht,True
52.85,45.95,90.0,top,Y1,,CRYSTAL-5X3.2-4SMD,ECS-240-12-30BQ-AEN-TR,tht,True
34.55,65.85,0.0,top,Y2,,CRYSTAL_3.2X1.5,ABS07-32.768KHZ-T,tht,True
