﻿designator,quantity,value,pack,mpn,mount_type
"C107, C108, C109",3,220u,CP_EIA-7343-31_Kemet-D,,smt
"C110, C111, C112, C113, C114",5,10u,C_0603_1608Metric,,smt
C115,1,100u,C_1210_3225Metric,,smt
"C116, C117, C131, C17, C18, C30, C32, C33, C56, C65, C78",11,100n,C_0603_1608Metric,,smt
"C129, C19, C20, C21, C22, C23, C24, C79",8,1u,C_0603_1608Metric,,smt
"C16, C25",2,10u,C_0805_2012Metric,,smt
"C26, C27",2,10p,C_0603_1608Metric,,smt
"C28, C29",2,18p,C_0603_1608Metric,,smt
C31,1,1n,C_0603_1608Metric,,smt
"C34, C35, C36, C93",4,22u,C_1210_3225Metric,,smt
"D1, D10, D3",3,1N4151WS,D_SOD-323,,smt
"D12, D8, D9",3,GREEN,LED_0603_1608Metric,,smt
"D4, D5, D6, D7",4,BLUE,LED_0603_1608Metric,,smt
FB1,1,BLM18KG300JH1D,L_0603_1608Metric,,smt
"J1, J2",2,Conn_02x26_Odd_Even,PinSocket_2x26_P2.54mm_Vertical,,tht
J5,1,DM3BT-DSF-PEJS,J-Hirose-DM3BT-DSF-PEJS,,tht
J6,1,Conn_01x02,PinHeader_1x02_P2.54mm_Vertical,,tht
J7,1,2-1734592-0,J-TE-2-1734592-0,,tht
Q1,1,NTR4101P,SOT-23,,smt
Q6,1,MMBT2907,SOT-23,,smt
"R104, R118, R26, R27, R32, R34, R35, R38, R39, R42, R43, R44, R45, R49, R50, R51, R53, R54, R57, R66, R75, R76, R77, R78, R79, R90",26,10k,R_0603_1608Metric,,smt
R2,1,10,R_0603_1608Metric,,smt
R31,1,10 (1206),R_1206_3216Metric,,smt
"R36, R37, R40",3,3.0k,R_0603_1608Metric,,smt
"R41, R60, R61, R62, R64",5,100k,R_0603_1608Metric,,smt
R46,1,NP,R_0603_1608Metric,,smt
R47,1,1M,R_0603_1608Metric,,smt
R52,1,23.7k,R_0603_1608Metric,,smt
R55,1,499,R_0603_1608Metric,,smt
R56,1,40.2k,R_0603_1608Metric,,smt
"R58, R59",2,1k,R_0603_1608Metric,,smt
R63,1,4.7M,R_0603_1608Metric,,smt
R67,1,150,R_0603_1608Metric,,smt
"R68, R80, R92, R93",4,4.7k,R_0603_1608Metric,,smt
"R69, R70, R71",3,10k,Panasonic_Resistor_Array_EXBA10,,tht
"R72, R73, R74",3,47k,Panasonic_Resistor_Array_EXBA10,,tht
"TP1, TP10, TP100, TP104, TP11, TP113, TP114, TP115, TP116, TP117, TP118, TP119, TP12, TP120, TP121, TP123, TP125, TP127, TP128, TP129, TP130, TP131, TP132, TP133, TP134, TP136, TP137, TP138, TP139, TP141, TP148, TP149, TP160, TP164, TP165, TP166, TP167, TP168, TP169, TP19, TP2, TP20, TP21, TP22, TP23, TP24, TP26, TP27, TP3, TP32, TP36, TP37, TP38, TP39, TP4, TP40, TP41, TP42, TP43, TP44, TP46, TP47, TP48, TP49, TP5, TP61, TP64, TP65, TP66, TP67, TP68, TP69, TP70, TP71, TP72, TP76, TP77, TP90, TP91, TP92, TP93, TP94, TP95, TP96, TP97, TP98, TP99",87,Test-Point,TestPoint_Pad_D1.0mm,,tht
"TP109, TP150, TP163, TP6, TP7, TP8, TP9",7,TestPoint-MinTH,TestPoint-0.75mm-th,,tht
"TP135, TP59, TP73, TP74, TP75, TP78, TP79, TP80, TP81, TP82, TP83, TP84, TP85",13,Test-Point,TestPoint-0.75mm-th,,tht
TP140,1,~,TestPoint_Pad_D1.0mm,,tht
U1,1,OSD3358-512M-BSM,U-Octavo-OSD335X-BGA-256,OSD3358-512M-BSM,tht
U10,1,SN74AUC1G07DCKR,SOT-353_SC-70-5,,smt
"U11, U12",2,RCLAMP0504FB,SOT-363_SC-70-6,,smt
U13,1,MAX892LEUA+T,LINEAR-MSOP-8-AND-MAXIM-UMAX-8-21-0036,,tht
U14,1,TLVH431,SOT-23,,smt
U24,1,RV-3028-C7,RV3028C732768KHZ1PPMTAQC,,tht
U28,1,TLV1704-SEP,TSSOP-14_4.4x5mm_P0.65mm,,smt
U30,1,FM24CL64B-DGTR,SOIC-8_3.9x4.9mm_P1.27mm,,smt
U37,1,LTC4300A-1,LINEAR-MSOP-8-AND-MAXIM-UMAX-8-21-0036,,tht
"U39, U8",2,TCAN330,SOT-23-8,,smt
U9,1,EMMC+RESET+5.1-COMPATIBLE-BA,BGA-153(11.5X13)(EMMC-BA),,tht
Y1,1,ECS-240-12-30BQ-AEN-TR,CRYSTAL-5X3.2-4SMD,,tht
Y2,1,ABS07-32.768KHZ-T,CRYSTAL_3.2X1.5,,tht
